{
	"pages": [
		{
			"path": "pages/index/index",
			"style": {
				"navigationBarTitleText": "学习新闻"
			}
		},
		{
			"path": "pages/newsDetail/newsDetail",
			"style": {
				"navigationBarTitleText": "新闻详情"
			}
		},
		{
			"path": "pages/mine/mine",
			"style": {
				"navigationBarTitleText": "我的"
			}
		},
		{
			"path": "pages/collections/collections",
			"style": {
				"navigationBarTitleText": "我的收藏"
			}
		},
		{
			"path": "pages/history/history",
			"style": {
				"navigationBarTitleText": "阅读历史"
			}
		},
		{
			"path": "pages/settings/settings",
			"style": {
				"navigationBarTitleText": "设置"
			}
		}
	],
	"globalStyle": {
		"navigationBarTextStyle": "white",
		"navigationBarTitleText": "学习新闻",
		"navigationBarBackgroundColor": "#3489F6",
		"backgroundColor": "#F8F8F8"
	},
	"tabBar": {
		"color": "#999999",
		"selectedColor": "#3489F6",
		"borderStyle": "black",
		"backgroundColor": "#FFFFFF",
		"list": [
			{
				"pagePath": "pages/index/index",
				"iconPath": "static/tabbar/news.png",
				"selectedIconPath": "static/tabbar/news-active.png",
				"text": "要闻"
			},
			{
				"pagePath": "pages/mine/mine",
				"iconPath": "static/tabbar/mine.png",
				"selectedIconPath": "static/tabbar/mine-active.png",
				"text": "我的"
			}
		]
	}
}